Drive_End,Fan_End,Label
-0.26688091816367265,0.08793454545454545,0.54mm_BF
0.2907588822355289,0.010067272727272723,0.54mm_BF
0.312362754491018,0.2044272727272728,0.54mm_BF
-0.1877750099800399,0.09348181818181817,0.54mm_BF
-0.18826231536926147,-0.09717999999999999,0.54mm_BF
0.17283097804391218,-0.027941818181818186,0.54mm_BF
0.19898303393213573,-0.13107999999999995,0.54mm_BF
0.00016243512974051897,0.04869272727272727,0.54mm_BF
-0.09827325349301397,0.08608545454545455,0.54mm_BF
-0.0924255888223553,-0.05095272727272727,0.54mm_BF
0.18436387225548906,0.10293272727272727,0.54mm_BF
0.2790635528942116,0.04951454545454545,0.54mm_BF
-0.01835516966067864,-0.0470490909090909,0.54mm_BF
-0.11971469061876247,0.00862909090909091,0.54mm_BF
0.029888063872255486,0.08259272727272728,0.54mm_BF
0.07423285429141717,-0.04458363636363636,0.54mm_BF
-0.04548183632734532,-0.01047818181818182,0.54mm_BF
-0.16682087824351294,0.09841272727272728,0.54mm_BF
-0.11419189620758485,-0.06369090909090909,0.54mm_BF
0.10915640718562873,0.008012727272727272,0.54mm_BF
0.18468874251497008,0.17340363636363634,0.54mm_BF
0.0591263872255489,-0.0606090909090909,0.54mm_BF
-0.060913173652694615,0.02527090909090909,0.54mm_BF
0.09713620758483034,0.12060181818181814,0.54mm_BF
0.26070838323353296,-0.14032545454545453,0.54mm_BF
0.046943752495009976,0.06800545454545455,0.54mm_BF
-0.08933932135728542,0.08567454545454545,0.54mm_BF
0.0831667864271457,-0.08362,0.54mm_BF
-0.013806986027944113,0.08403090909090909,0.54mm_BF
0.043857485029940114,0.05115818181818182,0.54mm_BF
0.16860766467065869,0.0022600000000000003,0.54mm_BF
-0.16162295409181635,0.08505818181818181,0.54mm_BF
0.03297433133732535,0.12039636363636362,0.54mm_BF
0.15496311377245509,0.11402727272727273,0.54mm_BF
-0.06643596806387225,0.11320545454545455,0.54mm_BF
0.004548183632734531,0.11854727272727272,0.54mm_BF
0.25664750499002,-0.010067272727272723,0.54mm_BF
0.01705568862275449,-0.014176363636363638,0.54mm_BF
-0.1916734530938124,0.005547272727272727,0.54mm_BF
0.1679579241516966,-0.1166981818181818,0.54mm_BF
0.20970375249501,0.037803636363636366,0.54mm_BF
-0.06578622754491018,0.13107999999999995,0.54mm_BF
-0.1780289021956088,-0.036570909090909084,0.54mm_BF
0.1338465469061876,0.051569090909090905,0.54mm_BF
0.1328719361277445,0.16929454545454545,0.54mm_BF
0.0471061876247505,0.08670181818181817,0.54mm_BF
0.0368727744510978,-0.09717999999999999,0.54mm_BF
0.1517144111776447,-0.00678,0.54mm_BF
0.010720718562874251,0.14135272727272727,0.54mm_BF
-0.1328719361277445,-0.18388181818181806,0.54mm_BF
0.1790035129740519,-0.11690363636363635,0.54mm_BF
-0.06935980039920159,0.30304545454545456,0.54mm_BF
-0.07309580838323354,0.005547272727272727,0.54mm_BF
0.1945972854291417,-0.06204727272727272,0.54mm_BF
0.04125852295409182,0.28024,0.54mm_BF
-0.12377556886227545,0.05567818181818181,0.54mm_BF
0.009908542914171658,-0.06266363636363638,0.54mm_BF
0.12734914171656686,0.08197636363636364,0.54mm_BF
0.05100463073852295,0.059170909090909087,0.54mm_BF
-0.2449521756487026,0.023216363636363632,0.54mm_BF
-0.016893253493013974,0.08711272727272727,0.54mm_BF
0.4678131736526946,-0.03862545454545455,0.54mm_BF
0.09015149700598804,0.036160000000000005,0.54mm_BF
-0.2884847904191617,0.13087454545454547,0.54mm_BF
0.05441576846307385,-0.08403090909090909,0.54mm_BF
0.39780363273453095,0.03225636363636363,0.54mm_BF
0.012994810379241516,0.17196545454545456,0.54mm_BF
-0.3256824351297405,-0.09019454545454544,0.54mm_BF
0.004385748502994012,-0.05670545454545455,0.54mm_BF
0.3097637924151697,0.33817818181818177,0.54mm_BF
-0.00048730538922155684,-0.045816363636363634,0.54mm_BF
-0.09226315369261476,-0.1869636363636364,0.54mm_BF
0.07065928143712576,0.18532,0.54mm_BF
0.005522794411177645,0.043145454545454535,0.54mm_BF
-0.07130902195608782,-0.05629454545454545,0.54mm_BF
-0.1559377245508982,0.061841818181818185,0.54mm_BF
0.01266994011976048,0.08094909090909091,0.54mm_BF
-0.03557329341317365,0.0727309090909091,0.54mm_BF
-0.16178538922155689,0.02938,0.54mm_BF
0.06789788423153692,-0.12080727272727272,0.54mm_BF
0.21815037924151687,0.14258545454545454,0.54mm_BF
-0.014294291417165669,-0.07252545454545453,0.54mm_BF
-0.2912461876247505,-0.17566363636363633,0.54mm_BF
0.10395848303393214,0.21511090909090907,0.54mm_BF
0.3658039121756487,-0.02486,0.54mm_BF
-0.058639081836327336,-0.08238727272727273,0.54mm_BF
-0.14537944111776446,0.14607818181818186,0.54mm_BF
0.26899257485029937,0.1623090909090909,0.54mm_BF
0.2514495808383233,-0.048487272727272726,0.54mm_BF
-0.08365409181636728,0.0470490909090909,0.54mm_BF
0.04873053892215569,-0.01910727272727273,0.54mm_BF
0.1439175249500998,-0.014381818181818181,0.54mm_BF
-0.05295385229540918,0.061841818181818185,0.54mm_BF
-0.0966489021956088,-0.08074363636363636,0.54mm_BF
0.1406688223552894,0.09717999999999999,0.54mm_BF
0.1807902994011976,0.10231636363636364,0.54mm_BF
-0.10265900199600796,-0.07293636363636362,0.54mm_BF
-0.08381652694610779,-0.0022600000000000003,0.54mm_BF
0.19898303393213573,0.2568181818181818,0.54mm_BF
0.13433385229540915,0.014792727272727272,0.54mm_BF
-0.2274091816367265,0.07766181818181818,0.54mm_BF
-0.1835516966067864,0.21100181818181807,0.54mm_BF
0.11532894211576848,0.01992909090909091,0.54mm_BF
0.17185636726546907,0.14012,0.54mm_BF
-0.01932978043912176,0.05465090909090909,0.54mm_BF
0.01250750499001996,-0.009245454545454545,0.54mm_BF
0.1993079041916168,0.03472181818181818,0.54mm_BF
0.09811081836327347,-0.008423636363636364,0.54mm_BF
0.11695329341317365,-0.021367272727272728,0.54mm_BF
0.1937851097804391,0.09759090909090908,0.54mm_BF
0.03378650698602795,-0.113,0.54mm_BF
-0.04353261477045908,-0.15922727272727272,0.54mm_BF
0.3648293013972056,0.18511454545454545,0.54mm_BF
0.2715915369261477,-0.10519272727272726,0.54mm_BF
-0.3329920159680639,-0.04068,0.54mm_BF
-0.09827325349301397,0.17566363636363633,0.54mm_BF
0.2149016766467066,-0.02486,0.54mm_BF
0.016243512974051896,0.03533818181818182,0.54mm_BF
-0.10769449101796408,0.04951454545454545,0.54mm_BF
0.06107560878243513,0.17484181818181818,0.54mm_BF
-0.09210071856287426,0.02095636363636364,0.54mm_BF
0.1406688223552894,0.14299636363636362,0.54mm_BF
0.3802606387225549,0.03595454545454545,0.54mm_BF
-0.2491754890219561,-0.07170363636363636,0.54mm_BF
-0.3445249101796407,0.2919509090909091,0.54mm_BF
0.16617113772455092,-0.12286181818181816,0.54mm_BF
0.4928281836327345,0.03883090909090909,0.54mm_BF
-0.3087891816367265,0.12943636363636365,0.54mm_BF
-0.55715249500998,0.0402690909090909,0.54mm_BF
0.4689502195608783,0.03451636363636364,0.54mm_BF
0.5675483433133733,0.09368727272727273,0.54mm_BF
-0.21067836327345307,-0.039241818181818176,0.54mm_BF
-0.4135598403193613,-0.11752,0.54mm_BF
0.2795508582834331,0.3640654545454545,0.54mm_BF
0.31073840319361273,-0.2103854545454545,0.54mm_BF
-0.1575620758483034,-0.0727309090909091,0.54mm_BF
-0.14619161676646708,0.10252181818181816,0.54mm_BF
0.10688231536926147,0.010683636363636364,0.54mm_BF
0.03606059880239521,0.057527272727272726,0.54mm_BF
-0.0924255888223553,-0.01849090909090909,0.54mm_BF
0.18436387225548906,0.2087418181818181,0.54mm_BF
-0.08917688622754491,0.014176363636363638,0.54mm_BF
-0.3134998003992016,0.14217454545454544,0.54mm_BF
0.10753205588822357,-0.10560363636363636,0.54mm_BF
0.27354075848303394,0.014587272727272728,0.54mm_BF
-0.1002224750499002,0.002876363636363636,0.54mm_BF
-0.2707793612774451,-0.12779272727272725,0.54mm_BF
0.3019669061876248,0.06081454545454545,0.54mm_BF
0.4117730538922155,-0.1144381818181818,0.54mm_BF
-0.1814400399201597,-0.1193690909090909,0.54mm_BF
-0.19232319361277445,0.011916363636363636,0.54mm_BF
0.2417034730538922,0.07827818181818183,0.54mm_BF
0.06562379241516966,-0.0583490909090909,0.54mm_BF
-0.20905401197604792,0.2243563636363637,0.54mm_BF
0.08040538922155689,-0.10149454545454543,0.54mm_BF
0.1164659880239521,0.09224909090909092,0.54mm_BF
-0.18826231536926147,0.3020181818181818,0.54mm_BF
-0.01461916167664671,-0.01992909090909091,0.54mm_BF
0.09713620758483034,0.17319818181818186,0.54mm_BF
-0.15285145708582834,0.08485272727272727,0.54mm_BF
-0.11419189620758485,-0.011710909090909093,0.54mm_BF
0.1046082235528942,0.00041090909090909085,0.54mm_BF
0.2527490618762475,0.16908909090909088,0.54mm_BF
-0.05798934131736527,-0.15429636363636362,0.54mm_BF
-0.0505173253493014,0.03020181818181818,0.54mm_BF
0.3911437924151697,0.09779636363636364,0.54mm_BF
0.14245560878243513,-0.06718363636363636,0.54mm_BF
-0.14960275449101795,0.09553636363636364,0.54mm_BF
0.2058053093812376,0.020545454545454544,0.54mm_BF
0.35670754491017964,-0.007807272727272727,0.54mm_BF
-0.046618882235528944,0.057321818181818175,0.54mm_BF
-0.12946079840319366,0.16949999999999998,0.54mm_BF
0.17283097804391218,-0.09635818181818184,0.54mm_BF
0.16909497005988025,0.17833454545454544,0.54mm_BF
-0.1892369261477045,-0.03821454545454545,0.54mm_BF
-0.13238463073852294,-0.06163636363636363,0.54mm_BF
0.13222219560878246,0.2652418181818182,0.54mm_BF
-0.05928882235528943,-0.07786727272727273,0.54mm_BF
-0.15804938123752496,-0.04622727272727272,0.54mm_BF
0.07715668662674653,0.0749909090909091,0.54mm_BF
0.1655213972055888,0.09142727272727272,0.54mm_BF
-0.07049684630738523,0.045816363636363634,0.54mm_BF
0.08202974051896207,0.08834545454545455,0.54mm_BF
0.2727285828343313,0.028969090909090906,0.54mm_BF
-0.12020199600798405,0.17340363636363634,0.54mm_BF
-0.11874007984031935,0.03554363636363636,0.54mm_BF
0.2072672255489022,0.012121818181818182,0.54mm_BF
0.16584626746506986,0.09656363636363637,0.54mm_BF
0.08641548902195609,-0.08731818181818181,0.54mm_BF
0.03719764471057884,-0.02239454545454545,0.54mm_BF
0.01803029940119761,-0.05608909090909092,0.54mm_BF
0.3061902195608782,0.08731818181818181,0.54mm_BF
0.0017867864271457086,-0.15922727272727272,0.54mm_BF
-0.1164659880239521,0.025887272727272724,0.54mm_BF
0.18972423153692614,0.06923818181818181,0.54mm_BF
0.13124758483033933,-0.10046727272727272,0.54mm_BF
-0.03281189620758483,0.19785272727272726,0.54mm_BF
0.04337017964071856,0.09101636363636363,0.54mm_BF
0.19719624750499004,0.16436363636363635,0.54mm_BF
-0.4101487025948104,0.15409090909090908,0.54mm_BF
-0.21831281437125746,0.2194254545454545,0.54mm_BF
0.25567289421157685,-0.06595090909090909,0.54mm_BF
0.0856033133732535,0.1727872727272727,0.54mm_BF
-0.32763165668662675,-0.1166981818181818,0.54mm_BF
0.1088315369261477,0.0041090909090909095,0.54mm_BF
0.4249302994011976,0.2089472727272728,0.54mm_BF
-0.09729864271457084,-0.35769636363636365,0.54mm_BF
0.1206893013972056,0.20463272727272727,0.54mm_BF
0.08446626746506987,-0.2864036363636364,0.54mm_BF
-0.15203928143712575,0.20196181818181816,0.54mm_BF
-0.18647552894211566,-0.13498363636363636,0.54mm_BF
0.28767261477045913,0.04889818181818182,0.54mm_BF
0.24056642714570856,0.2594890909090909,0.54mm_BF
-0.1970338123752495,-0.2442854545454545,0.54mm_BF
-0.18582578842315367,0.4082381818181818,0.54mm_BF
0.17965325349301395,-0.20689272727272728,0.54mm_BF
0.12653696606786427,0.32831636363636363,0.54mm_BF
-0.2168508982035928,-0.2313418181818181,0.54mm_BF
-0.10070978043912177,0.05033636363636364,0.54mm_BF
-0.04158339321357285,0.053007272727272715,0.54mm_BF
0.1913485828343313,-0.34516363636363634,0.54mm_BF
0.05945125748502994,0.16395272727272728,0.54mm_BF
-0.0573396007984032,-0.18758,0.54mm_BF
0.00795932135728543,0.3053054545454545,0.54mm_BF
0.045644271457085835,-0.21120727272727272,0.54mm_BF
0.042720439121756486,0.2498327272727273,0.54mm_BF
0.1268618363273453,0.07108727272727272,0.54mm_BF
-0.02777640718562874,0.001849090909090909,0.54mm_BF
-0.03378650698602795,0.1826490909090909,0.54mm_BF
0.21376463073852287,-0.03821454545454545,0.54mm_BF
0.20694235528942115,0.1314909090909091,0.54mm_BF
0.05003001996007984,-0.14237999999999998,0.54mm_BF
-0.0865779241516966,0.1904563636363636,0.54mm_BF
0.18858718562874247,-0.14751636363636364,0.54mm_BF
0.03800982035928144,0.2931836363636364,0.54mm_BF
-0.09794838323353293,-0.11423272727272725,0.54mm_BF
-0.08040538922155689,0.06964909090909091,0.54mm_BF
0.02355309381237525,0.22374000000000002,0.54mm_BF
0.09226315369261476,-0.11772545454545455,0.54mm_BF
-0.0523041117764471,0.21305636363636365,0.54mm_BF
-0.042395568862275454,-0.11587636363636362,0.54mm_BF
0.02663936127744511,0.2631872727272727,0.54mm_BF
-0.04353261477045908,-0.16641818181818185,0.54mm_BF
-0.14765353293413175,0.20134545454545447,0.54mm_BF
0.15528798403193614,0.04068,0.54mm_BF
0.22838379241516965,-0.10252181818181816,0.54mm_BF
0.06822275449101796,0.0628690909090909,0.54mm_BF
-0.01851760479041916,-0.11341090909090908,0.54mm_BF
0.09632403193612774,0.12142363636363634,0.54mm_BF
0.18891205588822355,-0.12532727272727273,0.54mm_BF
-0.030700239520958083,0.08649636363636364,0.54mm_BF
-0.12881105788423153,-0.1569672727272727,0.54mm_BF
0.02517744510978044,0.11608181818181815,0.54mm_BF
0.042395568862275454,-0.043967272727272716,0.54mm_BF
-0.07699425149700599,0.2340127272727273,0.54mm_BF
0.009096367265469064,0.14751636363636364,0.54mm_BF
0.030537804391217564,-0.02938,0.54mm_BF
-0.035248423153692615,0.3124963636363636,0.54mm_BF
-0.0027613972055888225,-0.10498727272727272,0.54mm_BF
0.14180586826347305,0.1555290909090909,0.54mm_BF
0.059938562874251484,-0.05629454545454545,0.54mm_BF
-0.14797840319361275,0.029790909090909087,0.54mm_BF
0.16357217564870258,-0.14258545454545454,0.54mm_BF
0.42622978043912174,-0.002876363636363636,0.54mm_BF
-0.03557329341317365,-0.10745272727272727,0.54mm_BF
-0.1721812375249501,-0.1031381818181818,0.54mm_BF
0.35053500998003995,0.2732545454545454,0.54mm_BF
0.2498252295409181,-0.06204727272727272,0.54mm_BF
-0.3909813572854292,0.15409090909090908,0.54mm_BF
-0.18956179640718565,0.15573454545454546,0.54mm_BF
0.5173558882235529,0.10293272727272727,0.54mm_BF
0.16162295409181635,-0.05670545454545455,0.54mm_BF
-0.4364631936127745,0.2812672727272727,0.54mm_BF
0.0865779241516966,-0.018080000000000002,0.54mm_BF
0.4702497005988024,-0.08629090909090907,0.54mm_BF
-0.1738055888223553,0.12532727272727273,0.54mm_BF
-0.3771743712574849,-0.25373636363636365,0.54mm_BF
0.13498359281437125,0.07519636363636363,0.54mm_BF
0.2857233932135729,-0.053418181818181816,0.54mm_BF
-0.07943077844311378,-0.03739272727272727,0.54mm_BF
-0.0675730139720559,0.09245454545454544,0.54mm_BF
0.364341996007984,0.1668290909090909,0.54mm_BF
0.34306299401197604,0.029996363636363637,0.54mm_BF
-0.2507998403193613,0.04150181818181818,0.54mm_BF
-0.5563403193612774,0.14628363636363634,0.54mm_BF
0.08966419161676646,0.003903636363636364,0.54mm_BF
0.2449521756487026,0.09574181818181818,0.54mm_BF
-0.25583532934131736,-0.11402727272727273,0.54mm_BF
-0.19670894211576848,0.002876363636363636,0.54mm_BF
0.4234683832335329,0.10848,0.54mm_BF
0.28279956087824354,-0.007190909090909091,0.54mm_BF
-0.3489106586826347,-0.016025454545454544,0.54mm_BF
0.06432431137724551,0.1166981818181818,0.54mm_BF
0.3186977245508982,-0.019518181818181816,0.54mm_BF
-0.18793744510978044,0.03328363636363636,0.54mm_BF
-0.050842195608782434,0.11525999999999999,0.54mm_BF
0.5337618363273453,-0.1469,0.54mm_BF
0.28734774451097805,0.19004545454545446,0.54mm_BF
-0.3578445908183633,0.07478545454545454,0.54mm_BF
-0.1002224750499002,-0.043145454545454535,0.54mm_BF
0.4689502195608783,0.1360109090909091,0.54mm_BF
-0.007634451097804391,0.09594727272727273,0.54mm_BF
-0.5043610778443114,-0.04622727272727272,0.54mm_BF
0.09616159680638722,0.19538727272727272,0.54mm_BF
0.4358134530938124,0.1871690909090909,0.54mm_BF
-0.13677037924151694,-0.1994963636363636,0.54mm_BF
-0.2633073453093812,0.08711272727272727,0.54mm_BF
0.19248562874251496,-0.0008218181818181817,0.54mm_BF
0.2261097005988024,-0.06101999999999999,0.54mm_BF
-0.2605459481037924,0.07540181818181818,0.54mm_BF
-0.12897349301397207,0.14422909090909092,0.54mm_BF
0.2974187225548902,0.11053454545454544,0.54mm_BF
-0.01591864271457086,0.10437090909090907,0.54mm_BF
-0.1892369261477045,0.046432727272727264,0.54mm_BF
0.2363431137724551,0.001438181818181818,0.54mm_BF
0.3398142914171657,0.11176727272727273,0.54mm_BF
-0.08576574850299401,-0.2070981818181818,0.54mm_BF
-0.0831667864271457,-0.009656363636363637,0.54mm_BF
0.2355309381237525,0.018285454545454542,0.54mm_BF
0.13579576846307384,-0.21449454545454544,0.54mm_BF
-0.16373461077844312,-0.07848363636363635,0.54mm_BF
0.07098415169660678,0.07971636363636364,0.54mm_BF
0.2413786027944112,0.06204727272727272,0.54mm_BF
-0.11094319361277444,-0.011916363636363636,0.54mm_BF
-0.13742011976047905,0.19004545454545446,0.54mm_BF
0.0737455489021956,-0.0008218181818181817,0.54mm_BF
0.01932978043912176,0.10046727272727272,0.54mm_BF
-0.17071932135728546,0.15758363636363634,0.54mm_BF
-0.05149193612774451,0.02938,0.54mm_BF
0.15398850299401198,0.21613818181818176,0.54mm_BF
-0.01673081836327345,0.07519636363636363,0.54mm_BF
-0.05490307385229541,-0.09717999999999999,0.54mm_BF
0.14164343313373254,0.06204727272727272,0.54mm_BF
0.07520746506986029,0.07129272727272727,0.54mm_BF
-0.07244606786427145,-0.2342181818181818,0.54mm_BF
-0.017705429141716567,0.09142727272727272,0.54mm_BF
0.0523041117764471,0.07047090909090907,0.54mm_BF
0.11679085828343312,-0.10293272727272727,0.54mm_BF
0.06806031936127745,0.17751272727272727,0.54mm_BF
0.0890144510978044,-0.06553999999999999,0.54mm_BF
0.20336878243512974,-0.06163636363636363,0.54mm_BF
0.09599916167664672,0.09964545454545454,0.54mm_BF
0.1396942115768463,0.10683636363636363,0.54mm_BF
0.03784738522954092,-0.014792727272727272,0.54mm_BF
-0.11435433133732535,0.09245454545454544,0.54mm_BF
0.0376849500998004,0.12429999999999998,0.54mm_BF
0.2048306986027945,-0.09101636363636363,0.54mm_BF
0.05880151696606786,0.17628,0.54mm_BF
-0.184039001996008,0.001438181818181818,0.54mm_BF
0.01900491017964072,-0.06944363636363636,0.54mm_BF
0.16714574850299402,0.14381818181818182,0.54mm_BF
-0.04775592814371258,-0.11690363636363635,0.54mm_BF
-0.2636322155688623,-0.07067636363636362,0.54mm_BF
-0.06302483033932138,0.18532,0.54mm_BF
0.1565874650698603,-0.07129272727272727,0.54mm_BF
0.04759349301397205,0.012532727272727272,0.54mm_BF
0.019492215568862273,0.2498327272727273,0.54mm_BF
0.1036336127744511,-0.003903636363636364,0.54mm_BF
0.053928463073852295,0.14628363636363634,0.54mm_BF
-0.07910590818363272,0.06738909090909091,0.54mm_BF
0.03459868263473054,-0.04828181818181818,0.54mm_BF
-0.16617113772455092,0.17093818181818182,0.54mm_BF
-0.08576574850299401,0.13395636363636362,0.54mm_BF
0.3315300998003992,-0.12080727272727272,0.54mm_BF
0.1396942115768463,-0.015409090909090909,0.54mm_BF
0.0016243512974051895,0.16477454545454545,0.54mm_BF
0.055715249500997995,-0.07375818181818182,0.54mm_BF
0.2233483033932136,0.13107999999999995,0.54mm_BF
-0.07731912175648703,-0.06533454545454545,0.54mm_BF
-0.23423145708582835,-0.09122181818181817,0.54mm_BF
0.18647552894211566,0.13642181818181814,0.54mm_BF
0.2605459481037924,-0.023627272727272733,0.54mm_BF
-0.20954131736526946,-0.07478545454545454,0.54mm_BF
0.03232459081836326,0.02855818181818182,0.54mm_BF
0.4496204391217565,0.16272,0.54mm_BF
-0.2767894610778443,-0.13005272727272724,0.54mm_BF
-0.1731558483033932,0.34865636363636365,0.54mm_BF
0.3950422355289421,-0.028352727272727283,0.54mm_BF
0.08170487025948102,-0.0402690909090909,0.54mm_BF
-0.4736608383233533,0.3531763636363636,0.54mm_BF
0.11679085828343312,-0.1931272727272728,0.54mm_BF
0.7134150898203593,0.10724727272727272,0.54mm_BF
-0.08008051896207584,-0.12060181818181814,0.54mm_BF
-0.6771920558882235,-0.02239454545454545,0.54mm_BF
0.1224760878243513,0.02116181818181818,0.54mm_BF
0.5503302195608782,0.14381818181818182,0.54mm_BF
-0.3032663872255489,0.06492363636363636,0.54mm_BF
-0.42021968063872256,0.08259272727272728,0.54mm_BF
0.2408912974051896,0.12429999999999998,0.54mm_BF
0.4608284630738523,-0.1840872727272727,0.54mm_BF
-0.21880011976047906,0.3716672727272727,0.54mm_BF
-0.08755253493013973,-0.25065454545454546,0.54mm_BF
0.2974187225548902,-0.004314545454545455,0.54mm_BF
-0.17672942115768464,0.17422545454545454,0.54mm_BF
-0.11532894211576848,-0.2753090909090909,0.54mm_BF
0.3529715369261477,0.04910363636363636,0.54mm_BF
0.16812035928143715,0.07601818181818182,0.54mm_BF
-0.3487482235528942,-0.03287272727272728,0.54mm_BF
-0.07520746506986029,-0.033489090909090906,0.54mm_BF
0.5123203992015969,0.2262054545454545,0.54mm_BF
0.2646068263473054,-0.06533454545454545,0.54mm_BF
-0.4858434730538922,0.1397090909090909,0.54mm_BF
-0.1078569261477046,0.10950727272727273,0.54mm_BF
0.4780465868263473,0.0967690909090909,0.54mm_BF
0.16617113772455092,0.13991454545454546,0.54mm_BF
-0.20271904191616769,0.12306727272727272,0.54mm_BF
-0.060588303393213576,-0.05937636363636362,0.54mm_BF
0.200932255489022,-0.16847272727272727,0.54mm_BF
0.11809033932135728,0.24387454545454545,0.54mm_BF
-0.03329920159680639,-0.3780363636363637,0.54mm_BF
-0.07894347305389221,0.16929454545454545,0.54mm_BF
-0.04337017964071856,0.1247109090909091,0.54mm_BF
-0.05344115768463074,-0.2492163636363636,0.54mm_BF
0.24608922155688626,0.1727872727272727,0.54mm_BF
0.22497265469061875,0.055267272727272734,0.54mm_BF
-0.11711572854291415,0.043350909090909086,0.54mm_BF
-0.0831667864271457,0.0,0.54mm_BF
0.18501361277445108,0.10149454545454543,0.54mm_BF
0.16308487025948104,-0.03205090909090909,0.54mm_BF
-0.1747801996007984,0.2136727272727273,0.54mm_BF
-0.16405948103792414,-0.0470490909090909,0.54mm_BF
0.030700239520958083,0.004314545454545455,0.54mm_BF
0.2330944111776447,0.10560363636363636,0.54mm_BF
0.10412091816367268,-0.04787090909090909,0.54mm_BF
-0.031999720558882234,0.08875636363636362,0.54mm_BF
0.0497051497005988,-0.010272727272727272,0.54mm_BF
0.10980614770459082,0.048487272727272726,0.54mm_BF
0.1489530139720559,-0.09820727272727273,0.54mm_BF
0.03833469061876248,0.19333272727272727,0.54mm_BF
-0.06968467065868264,0.03842,0.54mm_BF
0.02404039920159681,0.039652727272727284,0.54mm_BF
0.15788694610778442,0.12594363636363634,0.54mm_BF
-0.01851760479041916,0.05444545454545455,0.54mm_BF
-0.05067976047904192,0.07006,0.54mm_BF
-0.03719764471057884,0.02486,0.54mm_BF
-0.1028214371257485,0.07704545454545454,0.54mm_BF
-0.05977612774451097,-0.06307454545454545,0.54mm_BF
-0.03800982035928144,0.19785272727272726,0.54mm_BF
0.04337017964071856,-0.09882363636363636,0.54mm_BF
0.049867584830339325,0.054856363636363634,0.54mm_BF
0.029075888223552893,0.09779636363636364,0.54mm_BF
0.16243512974051896,-0.15121454545454546,0.54mm_BF
0.1078569261477046,0.17196545454545456,0.54mm_BF
-0.11126806387225548,0.1212181818181818,0.54mm_BF
0.038497125748503,-0.0402690909090909,0.54mm_BF
0.09356263473053893,0.05115818181818182,0.54mm_BF
-0.0625375249500998,0.1464890909090909,0.54mm_BF
0.0607507385229541,-0.13724363636363635,0.54mm_BF
0.08219217564870257,0.10211090909090907,0.54mm_BF
-0.010233413173652695,-0.03698181818181818,0.54mm_BF
-0.020791696606786425,-0.06471818181818181,0.54mm_BF
-0.03459868263473054,0.042529090909090905,0.54mm_BF
0.09794838323353293,-0.057732727272727276,0.54mm_BF
-0.03313676646706587,0.14299636363636362,0.54mm_BF
-0.16990714570858284,0.023010909090909092,0.54mm_BF
0.05701473053892216,0.03883090909090909,0.54mm_BF
0.14294291417165667,0.009450909090909091,0.54mm_BF
-0.09404994011976048,0.15183090909090907,0.54mm_BF
-0.10671988023952096,-0.046432727272727264,0.54mm_BF
0.11792790419161678,-0.011916363636363636,0.54mm_BF
-0.03183728542914172,0.13457272727272726,0.54mm_BF
-0.11987712574850296,0.04889818181818182,0.54mm_BF
0.005522794411177645,-0.04910363636363636,0.54mm_BF
0.2300081437125749,0.046432727272727264,0.54mm_BF
0.11987712574850296,0.03985818181818182,0.54mm_BF
0.06887249500998004,-0.10930181818181818,0.54mm_BF
0.3300681836327345,0.24531272727272724,0.54mm_BF
0.14635405189620754,-0.19764727272727275,0.54mm_BF
-0.08186730538922156,0.09348181818181817,0.54mm_BF
0.02956319361277445,0.10498727272727272,0.54mm_BF
0.20872914171656684,-0.2206581818181818,0.54mm_BF
-0.02517744510978044,0.2274381818181818,0.54mm_BF
-0.14001908183632736,0.0339,0.54mm_BF
0.021603872255489025,0.013765454545454546,0.54mm_BF
0.06676083832335329,0.16189818181818186,0.54mm_BF
-0.0316748502994012,0.12265636363636362,0.54mm_BF
-0.16016103792415168,-0.09656363636363637,0.54mm_BF
-0.024527704590818364,0.18758,0.54mm_BF
0.11402946107784433,0.10457636363636363,0.54mm_BF
0.024690139720558883,-0.07827818181818183,0.54mm_BF
-0.008284191616766471,0.0583490909090909,0.54mm_BF
0.045644271457085835,0.026709090909090908,0.54mm_BF
0.12783644710578845,-0.026709090909090908,0.54mm_BF
0.1829019560878244,-0.06923818181818181,0.54mm_BF
-0.008933932135728542,0.004930909090909091,0.54mm_BF
0.00795932135728543,-0.11382181818181818,0.54mm_BF
0.22497265469061875,0.27798,0.54mm_BF
0.0737455489021956,-0.11957454545454545,0.54mm_BF
-0.01932978043912176,-0.08567454545454545,0.54mm_BF
0.23341928143712576,0.26791272727272725,0.54mm_BF
0.2311451896207585,-0.1306690909090909,0.54mm_BF
0.042395568862275454,0.1171090909090909,0.54mm_BF
0.05782690618762475,0.12676545454545454,0.54mm_BF
0.13059784431137725,-0.04109090909090909,0.54mm_BF
-0.06221265469061876,-0.046021818181818185,0.54mm_BF
-0.2382923353293413,0.18388181818181806,0.54mm_BF
-0.014294291417165669,0.01931272727272728,0.54mm_BF
0.17331828343313374,0.07581272727272728,0.54mm_BF
-0.15918642714570858,0.19929090909090907,0.54mm_BF
-0.2766270259481038,0.03698181818181818,0.54mm_BF
0.19394754491017965,0.27284363636363634,0.54mm_BF
0.1996327744510978,0.08814,0.54mm_BF
-0.2347187624750499,-0.06266363636363638,0.54mm_BF
-0.16763305389221558,0.19908545454545454,0.54mm_BF
0.24771357285429144,0.1325181818181818,0.54mm_BF
0.16682087824351294,-0.1008781818181818,0.54mm_BF
-0.05831421157684631,0.1945654545454545,0.54mm_BF
0.09908542914171656,-0.04232363636363636,0.54mm_BF
0.24625165668662674,-0.15347454545454545,0.54mm_BF
0.05782690618762475,0.057732727272727276,0.54mm_BF
-0.10330874251497006,-0.15963818181818182,0.54mm_BF
0.02501500998003992,0.004520000000000001,0.54mm_BF
0.08495357285429142,-0.10827454545454546,0.54mm_BF
-0.07764399201596807,-0.029790909090909087,0.54mm_BF
-0.0787810379241517,0.04746,0.54mm_BF
0.1096437125748503,0.0447890909090909,0.54mm_BF
0.061887784431137724,0.047254545454545466,0.54mm_BF
-0.01997952095808383,-0.025065454545454544,0.54mm_BF
-0.05067976047904192,0.20216727272727272,0.54mm_BF
-0.05636499001996007,-0.025065454545454544,0.54mm_BF
0.02842614770459082,0.03205090909090909,0.54mm_BF
0.03736007984031936,0.16272,0.54mm_BF
0.015593772455089819,-0.1341618181818182,0.54mm_BF
0.019492215568862273,0.02116181818181818,0.54mm_BF
0.03281189620758483,0.11197272727272728,0.54mm_BF
0.1080193612774451,-0.14710545454545454,0.54mm_BF
0.10655744510978044,0.007807272727272727,0.54mm_BF
-0.029888063872255486,0.037803636363636366,0.54mm_BF
-0.03394894211576846,0.03862545454545455,0.54mm_BF
0.0761820758483034,0.16354181818181818,0.54mm_BF
0.13335924151696604,0.06985454545454545,0.54mm_BF
0.16340974051896207,0.11854727272727272,0.54mm_BF
-0.0873900998003992,0.06738909090909091,0.54mm_BF
-0.18501361277445108,0.10293272727272727,0.54mm_BF
0.04775592814371258,-0.009245454545454545,0.54mm_BF
0.1645467864271457,0.02568181818181818,0.54mm_BF
-0.02241604790419161,0.06348545454545454,0.54mm_BF
-0.2535612375249501,-0.12327272727272726,0.54mm_BF
0.08950175648702595,0.17463636363636362,0.54mm_BF
0.32357077844311377,0.013149090909090907,0.54mm_BF
0.13465872255489025,0.009656363636363637,0.54mm_BF
-0.1772167265469062,0.0583490909090909,0.54mm_BF
0.041908263473053896,-0.02095636363636364,0.54mm_BF
0.2072672255489022,0.03883090909090909,0.54mm_BF
0.042720439121756486,-0.06327999999999999,0.54mm_BF
0.05279141716566866,0.10211090909090907,0.54mm_BF
-0.09648646706586828,-0.06636181818181817,0.54mm_BF
0.019492215568862273,0.03636545454545455,0.54mm_BF
0.1395317764471058,-0.029996363636363637,0.54mm_BF
0.1268618363273453,-0.08752363636363636,0.54mm_BF
-0.022903353293413174,0.043350909090909086,0.54mm_BF
-0.10980614770459082,-0.043350909090909086,0.54mm_BF
0.06302483033932138,-0.030612727272727274,0.54mm_BF
0.2933578443113773,0.06656727272727272,0.54mm_BF
-0.039471736526946105,0.08875636363636362,0.54mm_BF
-0.2330944111776447,0.02239454545454545,0.54mm_BF
0.06481161676646706,0.3579018181818181,0.54mm_BF
0.21831281437125746,0.030612727272727274,0.54mm_BF
0.06286239520958083,0.20155090909090906,0.54mm_BF
-0.3141495409181637,0.32708363636363635,0.54mm_BF
-0.04337017964071856,-0.1631309090909091,0.54mm_BF
0.2236731736526946,0.14361272727272725,0.54mm_BF
0.16276000000000002,0.030407272727272724,0.54mm_BF
-0.14619161676646708,-0.09327636363636364,0.54mm_BF
-0.05344115768463074,0.003903636363636364,0.54mm_BF
0.4473463473053892,-0.004520000000000001,0.54mm_BF
0.2533988023952096,-0.1103290909090909,0.54mm_BF
-0.11484163672654693,0.04068,0.54mm_BF
0.01997952095808383,0.10437090909090907,0.54mm_BF
0.21961229540918165,-0.1017,0.54mm_BF
0.13936934131736528,0.19641454545454545,0.54mm_BF
-0.08982662674650697,0.10806909090909088,0.54mm_BF
-0.1916734530938124,-0.04910363636363636,0.54mm_BF
0.05701473053892216,0.2089472727272728,0.54mm_BF
0.07910590818363272,0.1166981818181818,0.54mm_BF
-0.0745577245508982,-0.15039272727272726,0.54mm_BF
-0.09388750499001997,0.1935381818181818,0.54mm_BF
-0.04044634730538922,-0.034105454545454536,0.54mm_BF
-0.022740918163672654,-0.19744181818181816,0.54mm_BF
0.036223033932135724,0.16272,0.54mm_BF
-0.04012147704590819,-0.17155454545454546,0.54mm_BF
-0.08219217564870257,0.053007272727272715,0.54mm_BF
0.05766447105788424,0.08156545454545455,0.54mm_BF
0.1406688223552894,-0.04540545454545454,0.54mm_BF
0.12182634730538924,0.10457636363636363,0.54mm_BF
-0.13888203592814372,0.1641581818181818,0.54mm_BF
-0.03329920159680639,0.043556363636363636,0.54mm_BF
0.09437481037924153,0.01992909090909091,0.54mm_BF
0.07683181636726548,0.1808,0.54mm_BF
-0.0022740918163672657,-0.1884018181818181,0.54mm_BF
-0.07325824351297405,0.08711272727272727,0.54mm_BF
0.20450582834331327,0.05177454545454545,0.54mm_BF
0.18826231536926147,-0.09553636363636364,0.54mm_BF
-0.05067976047904192,0.048487272727272726,0.54mm_BF
-0.026314491017964074,-0.15758363636363634,0.54mm_BF
0.13936934131736528,-0.040885454545454544,0.54mm_BF
0.03606059880239521,0.08875636363636362,0.54mm_BF
-0.05847664670658681,0.03225636363636363,0.54mm_BF
0.014456726546906188,0.005958181818181818,0.54mm_BF
0.1489530139720559,0.2414090909090909,0.54mm_BF
0.06497405189620759,0.06081454545454545,0.54mm_BF
-0.13677037924151694,0.13642181818181814,0.54mm_BF
0.11987712574850296,0.12450545454545454,0.54mm_BF
0.17266854291417166,-0.04191272727272728,0.54mm_BF
-0.05620255489021956,0.16498,0.54mm_BF
-0.035085988023952096,0.08382545454545455,0.54mm_BF
0.158699121756487,-0.05958181818181817,0.54mm_BF
0.1002224750499002,-0.040885454545454544,0.54mm_BF
0.010070978043912177,0.06759454545454545,0.54mm_BF
0.028751017964071857,-0.15265272727272727,0.54mm_BF
-0.038821996007984035,0.057732727272727276,0.54mm_BF
0.022740918163672654,0.06656727272727272,0.54mm_BF
0.0011370459081836328,-0.05054181818181818,0.54mm_BF
0.02550231536926148,0.15819999999999998,0.54mm_BF
0.09323776447105787,0.13477818181818182,0.54mm_BF
0.0523041117764471,0.10498727272727272,0.54mm_BF
0.18745013972055888,0.029585454545454543,0.54mm_BF
0.0,0.08567454545454545,0.54mm_BF
-0.34290055888223553,-0.04889818181818182,0.54mm_BF
0.2646068263473054,0.05033636363636364,0.54mm_BF
0.3698647904191617,-0.1088909090909091,0.54mm_BF
-0.2080794011976048,-0.19538727272727272,0.54mm_BF
0.06822275449101796,0.1337509090909091,0.54mm_BF
0.14001908183632736,-0.014792727272727272,0.54mm_BF
-0.030212934131736525,0.002670909090909091,0.54mm_BF
0.15285145708582834,0.2268218181818181,0.54mm_BF
0.188424750499002,0.06944363636363636,0.54mm_BF
-0.1869628343313373,-0.06512909090909091,0.54mm_BF
-0.3198347704590819,0.22497272727272724,0.54mm_BF
0.4988382834331338,0.07355272727272727,0.54mm_BF
0.3185352894211577,0.02075090909090909,0.54mm_BF
-0.8799110978043913,0.14279090909090908,0.54mm_BF
0.002598962075848303,0.016436363636363638,0.54mm_BF
1.1659593612774453,0.07190909090909091,0.54mm_BF
-0.295144630738523,0.023010909090909092,0.54mm_BF
-1.2275222754491018,-0.08177090909090909,0.54mm_BF
0.5074473453093812,0.05095272727272727,0.54mm_BF
1.1904870658682636,0.2352454545454545,0.54mm_BF
-0.5985734530938124,-0.09450909090909093,0.54mm_BF
-0.928966506986028,-0.07293636363636362,0.54mm_BF
0.8467743313373253,0.2245618181818181,0.54mm_BF
0.8743883033932136,-0.13231272727272728,0.54mm_BF
-0.7923585628742515,-0.09307090909090908,0.54mm_BF
-0.6708570858283432,0.31619454545454545,0.54mm_BF
0.8227339321357285,0.019723636363636363,0.54mm_BF
0.3789611576846307,-0.09368727272727273,0.54mm_BF
-0.7587344910179642,-0.07519636363636363,0.54mm_BF
0.1234506986027944,-0.10724727272727272,0.54mm_BF
0.6812529341317365,0.3075654545454545,0.54mm_BF
-0.09453724550898204,-0.2062763636363636,0.54mm_BF
-0.360281117764471,-0.20689272727272728,0.54mm_BF
0.13254706586826348,0.34413636363636363,0.54mm_BF
0.2493379241516966,-0.1189581818181818,0.54mm_BF
-0.2928705389221557,-0.10416545454545452,0.54mm_BF
0.021279001996007983,0.14813272727272728,0.54mm_BF
0.27857624750499,0.10601454545454543,0.54mm_BF
-0.5837918562874251,0.04889818181818182,0.54mm_BF
-0.34062646706586824,0.11567090909090907,0.54mm_BF
0.6323599600798404,0.14217454545454544,0.54mm_BF
0.0737455489021956,0.028352727272727283,0.54mm_BF
-0.6739433532934131,-0.01725818181818182,0.54mm_BF
0.07114658682634731,-0.05198,0.54mm_BF
0.7647445908183632,0.14258545454545454,0.54mm_BF
0.016081077844311373,0.07314181818181817,0.54mm_BF
-0.5079346506986028,-0.3396163636363637,0.54mm_BF
0.3190225948103793,-0.0022600000000000003,0.54mm_BF
0.6546135728542914,0.24079272727272724,0.54mm_BF
-0.1575620758483034,-0.2555854545454545,0.54mm_BF
-0.3971538922155689,0.1035490909090909,0.54mm_BF
0.29676898203592816,0.3051,0.54mm_BF
0.32357077844311377,-0.04869272727272727,0.54mm_BF
-0.3230834730538922,0.17710181818181814,0.54mm_BF
-0.1258872255489022,0.15080363636363636,0.54mm_BF
0.31171301397205586,0.05608909090909092,0.54mm_BF
0.012994810379241516,0.018080000000000002,0.54mm_BF
-0.1310851497005988,-0.012327272727272728,0.54mm_BF
0.05360359281437126,0.12265636363636362,0.54mm_BF
0.11679085828343312,0.044172727272727266,0.54mm_BF
-0.04401992015968064,-0.18347090909090907,0.54mm_BF
-0.12182634730538924,-0.1144381818181818,0.54mm_BF
0.2350436327345309,0.1551181818181818,0.54mm_BF
0.04548183632734532,0.004930909090909091,0.54mm_BF
-0.26070838323353296,-0.07026545454545452,0.54mm_BF
0.20905401197604792,0.1499818181818182,0.54mm_BF
0.2465765269461078,0.05095272727272727,0.54mm_BF
-0.2129524550898204,-0.014587272727272728,0.54mm_BF
-0.10834423153692617,0.19518181818181807,0.54mm_BF
0.26688091816367265,0.048487272727272726,0.54mm_BF
0.1773791616766467,-0.015819999999999997,0.54mm_BF
-0.1773791616766467,0.02855818181818182,0.54mm_BF
-0.02030439121756487,0.0,0.54mm_BF
0.4572548902195609,0.18675818181818185,0.54mm_BF
0.18046542914171654,-0.04787090909090909,0.54mm_BF
-0.31220031936127746,-0.1125890909090909,0.54mm_BF
0.011208023952095808,0.1532690909090909,0.54mm_BF
0.3539461477045908,0.06636181818181817,0.54mm_BF
0.041745828343313376,-0.005136363636363636,0.54mm_BF
-0.17429289421157684,0.03020181818181818,0.54mm_BF
0.13579576846307384,0.06862181818181817,0.54mm_BF
0.2139270658682635,0.10190545454545454,0.54mm_BF
-0.02371552894211577,0.21285090909090906,0.54mm_BF
-0.02615205588822355,0.1212181818181818,0.54mm_BF
0.06399944111776447,-0.07149818181818181,0.54mm_BF
0.05019245508982036,0.07355272727272727,0.54mm_BF
-0.14781596806387226,0.06697818181818181,0.54mm_BF
0.00016243512974051897,0.028147272727272733,0.54mm_BF
0.1431053493013972,0.0805381818181818,0.54mm_BF
-0.03281189620758483,-0.08074363636363636,0.54mm_BF
-0.14018151696606787,-0.13498363636363636,0.54mm_BF
0.08300435129740519,0.1645690909090909,0.54mm_BF
0.3282813972055888,-0.03533818181818182,0.54mm_BF
-0.044994530938123764,-0.09882363636363636,0.54mm_BF
-0.1046082235528942,0.19764727272727275,0.54mm_BF
0.1945972854291417,-0.08978363636363636,0.54mm_BF
0.2533988023952096,0.17504727272727272,0.54mm_BF
-0.08089269461077844,0.06204727272727272,0.54mm_BF
-0.0471061876247505,-0.06492363636363636,0.54mm_BF
0.2329319760479042,0.04376181818181818,0.54mm_BF
-0.1182527744510978,-0.059787272727272724,0.54mm_BF
-0.15674990019960078,0.10827454545454546,0.54mm_BF
0.2209117764471058,-0.16621272727272726,0.54mm_BF
0.06383700598802394,0.09635818181818184,0.54mm_BF
-0.2327695409181637,-0.1766909090909091,0.54mm_BF
0.02663936127744511,0.03287272727272728,0.54mm_BF
0.2519368862275449,0.2896909090909091,0.54mm_BF
-0.017705429141716567,-0.17155454545454546,0.54mm_BF
-0.2850736526946108,0.2377109090909091,0.54mm_BF
0.0727709381237525,-0.03287272727272728,0.54mm_BF
0.2447897405189621,0.0805381818181818,0.54mm_BF
-0.07049684630738523,0.15347454545454545,0.54mm_BF
-0.12458774451097805,0.033489090909090906,0.54mm_BF
0.04726862275449102,0.02712,0.54mm_BF
0.03898443113772455,0.06122545454545455,0.54mm_BF
0.01868003992015968,0.05013090909090909,0.54mm_BF
0.06399944111776447,-0.1366272727272727,0.54mm_BF
-0.034923552894211576,0.2251781818181818,0.54mm_BF
-0.0188424750499002,-0.1528581818181818,0.54mm_BF
0.11402946107784433,-0.04910363636363636,0.54mm_BF
0.2166884630738523,0.16744545454545454,0.54mm_BF
-0.003411137724550898,0.02753090909090909,0.54mm_BF
-0.09226315369261476,-0.06903272727272727,0.54mm_BF
0.13563333333333333,0.04006363636363637,0.54mm_BF
0.12767401197604789,0.09759090909090908,0.54mm_BF
-0.10899397205588822,-0.04109090909090909,0.54mm_BF
-0.11321728542914172,0.20011272727272728,0.54mm_BF
0.15463824351297406,-0.1125890909090909,0.54mm_BF
0.06123804391217565,0.07827818181818183,0.54mm_BF
-0.10931884231536927,0.08341454545454545,0.54mm_BF
0.18907449101796409,-0.029996363636363637,0.54mm_BF
0.23244467065868266,0.004520000000000001,0.54mm_BF
-0.12783644710578845,0.07683999999999999,0.54mm_BF
-0.07309580838323354,-0.04540545454545454,0.54mm_BF
0.13936934131736528,-0.14669454545454544,0.54mm_BF
0.060588303393213576,0.2405872727272728,0.54mm_BF
-0.19817085828343314,-0.0786890909090909,0.54mm_BF
-0.10087221556886228,0.11875272727272725,0.54mm_BF
0.21002862275449105,0.16580181818181816,0.54mm_BF
0.030212934131736525,0.0805381818181818,0.54mm_BF
-0.230982754491018,0.1419690909090909,0.54mm_BF
0.08462870259481038,0.1103290909090909,0.54mm_BF
0.16016103792415168,0.011094545454545454,0.54mm_BF
-0.2002825149700599,0.03739272727272727,0.54mm_BF
-0.006984710578842315,0.04951454545454545,0.54mm_BF
0.2395918163672655,-0.13785999999999998,0.54mm_BF
0.1405063872255489,0.09307090909090908,0.54mm_BF
-0.07293337325349301,-0.1623090909090909,0.54mm_BF
0.05620255489021956,-0.04561090909090909,0.54mm_BF
0.2329319760479042,0.11567090909090907,0.54mm_BF
-0.021116566866267464,0.046021818181818185,0.54mm_BF
-0.15983616766467065,-0.0895781818181818,0.54mm_BF
0.10818179640718564,0.0940981818181818,0.54mm_BF
0.3334793213572854,0.07827818181818183,0.54mm_BF
0.009096367265469064,-0.06471818181818181,0.54mm_BF
-0.06399944111776447,0.28476,0.54mm_BF
0.19638407185628745,-0.13457272727272726,0.54mm_BF
0.16405948103792414,0.06451272727272726,0.54mm_BF
-0.04889297405189622,0.14279090909090908,0.54mm_BF
-0.027451536926147702,-0.06512909090909091,0.54mm_BF
0.06399944111776447,0.09717999999999999,0.54mm_BF
0.08381652694610779,0.09389272727272728,0.54mm_BF
0.05181680638722555,-0.00041090909090909085,0.54mm_BF
-0.04337017964071856,-0.009245454545454545,0.54mm_BF
0.10590770459081836,0.21963090909090907,0.54mm_BF
-0.0037360079840319358,-0.15881636363636362,0.54mm_BF
-0.041096087824351285,-0.016025454545454544,0.54mm_BF
0.05961369261477046,0.16600727272727273,0.54mm_BF
-0.025827185628742515,-0.05362363636363636,0.54mm_BF
-0.07601964071856288,0.11690363636363635,0.54mm_BF
0.09811081836327347,0.04787090909090909,0.54mm_BF
0.18809988023952096,0.01992909090909091,0.54mm_BF
-0.03378650698602795,0.05793818181818181,0.54mm_BF
-0.025827185628742515,0.05547272727272727,0.54mm_BF
0.009096367265469064,-0.044172727272727266,0.54mm_BF
0.20076982035928145,0.10046727272727272,0.54mm_BF
-0.032162155688622754,-0.0226,0.54mm_BF
-0.18420143712574846,-0.026092727272727267,0.54mm_BF
0.15739964071856288,0.1631309090909091,0.54mm_BF
0.2724037125748503,-0.11525999999999999,0.54mm_BF
0.18436387225548906,0.0895781818181818,0.54mm_BF
-0.2582718562874251,0.003287272727272727,0.54mm_BF
0.054740638722554885,0.12861454545454545,0.54mm_BF
0.27419049900199605,0.11977999999999996,0.54mm_BF
0.02241604790419161,0.10457636363636363,0.54mm_BF
-0.20190686626746507,0.09163272727272727,0.54mm_BF
-0.12832375249501,-0.07149818181818181,0.54mm_BF
0.3479360479041916,0.3155781818181818,0.54mm_BF
-0.09145097804391218,-0.2027836363636364,0.54mm_BF
-0.22692187624750496,0.1257381818181818,0.54mm_BF
0.11597868263473055,0.02486,0.54mm_BF
0.11776546906187625,-0.18388181818181806,0.54mm_BF
-0.1856633532934132,0.2070981818181818,0.54mm_BF
-0.12133904191616765,-0.2194254545454545,0.54mm_BF
0.27825137724550897,0.10498727272727272,0.54mm_BF
-0.060100998003992025,-0.004520000000000001,0.54mm_BF
-0.12377556886227545,0.0565,0.54mm_BF
0.1739680239520958,0.003287272727272727,0.54mm_BF
0.2004449500998004,-0.015409090909090909,0.54mm_BF
-0.09226315369261476,0.09307090909090908,0.54mm_BF
-0.1302729740518962,-0.10416545454545452,0.54mm_BF
0.1984957285429141,0.10149454545454543,0.54mm_BF
0.014781596806387225,-0.017052727272727268,0.54mm_BF
-0.16470922155688622,0.05937636363636362,0.54mm_BF
0.15902399201596806,0.043556363636363636,0.54mm_BF
0.270129620758483,0.013149090909090907,0.54mm_BF
-0.07439528942115768,-0.08033272727272728,0.54mm_BF
-0.07894347305389221,0.14607818181818186,0.54mm_BF
0.21798794411177644,0.03842,0.54mm_BF
0.042233133732534935,-0.04622727272727272,0.54mm_BF
-0.21230271457085828,0.14012,0.54mm_BF
0.010720718562874251,-0.08670181818181817,0.54mm_BF
0.18891205588822355,0.18162181818181816,0.54mm_BF
-0.045644271457085835,0.012327272727272728,0.54mm_BF
-0.1773791616766467,0.0805381818181818,0.54mm_BF
0.1096437125748503,0.10704181818181817,0.54mm_BF
0.11809033932135728,-0.008423636363636364,0.54mm_BF
-0.13904447105788426,0.013354545454545456,0.54mm_BF
-0.03232459081836326,0.031639999999999995,0.54mm_BF
0.19638407185628745,0.1053981818181818,0.54mm_BF
0.12296339321357284,-0.12697090909090908,0.54mm_BF
-0.11419189620758485,0.08341454545454545,0.54mm_BF
0.12669940119760478,0.03554363636363636,0.54mm_BF
0.3256824351297405,-0.08177090909090909,0.54mm_BF
-0.0009746107784431137,-0.0020545454545454547,0.54mm_BF
-0.13693281437125748,0.07334727272727272,0.54mm_BF
0.059938562874251484,-0.008834545454545454,0.54mm_BF
0.10736962075848304,0.13190181818181818,0.54mm_BF
-0.06903493013972056,0.1144381818181818,0.54mm_BF
0.00471061876247505,-0.09389272727272728,0.54mm_BF
0.10769449101796408,0.1916890909090909,0.54mm_BF
0.03151241516966068,0.0012327272727272727,0.54mm_BF
0.0497051497005988,-0.0010272727272727274,0.54mm_BF
-0.015106467065868262,0.10437090909090907,0.54mm_BF
-0.010233413173652695,-0.008834545454545454,0.54mm_BF
0.0523041117764471,-0.06040363636363636,0.54mm_BF
0.05409089820359282,0.11916363636363635,0.54mm_BF
0.10818179640718564,0.02527090909090909,0.54mm_BF
0.015593772455089819,-0.0904,0.54mm_BF
0.022740918163672654,0.18449818181818184,0.54mm_BF
0.12052686626746507,-0.0741690909090909,0.54mm_BF
0.04044634730538922,0.049309090909090914,0.54mm_BF
-0.02663936127744511,0.09245454545454544,0.54mm_BF
0.0761820758483034,-0.02239454545454545,0.54mm_BF
0.08365409181636728,0.11012363636363637,0.54mm_BF
-0.005360359281437126,0.12347818181818182,0.54mm_BF
0.09210071856287426,0.0452,0.54mm_BF
0.0368727744510978,0.03903636363636363,0.54mm_BF
-0.0021116566866267467,0.13107999999999995,0.54mm_BF
0.07650694610778443,-0.08567454545454545,0.54mm_BF
0.022740918163672654,0.13005272727272724,0.54mm_BF
-0.006172534930139721,0.1296418181818182,0.54mm_BF
-0.08852714570858282,-0.035749090909090904,0.54mm_BF
0.0445072255489022,0.1053981818181818,0.54mm_BF
0.18793744510978044,0.07211454545454546,0.54mm_BF
0.0064974051896207604,-0.00041090909090909085,0.54mm_BF
-0.042720439121756486,0.10046727272727272,0.54mm_BF
0.12020199600798405,0.043556363636363636,0.54mm_BF
0.11516650698602796,-0.06862181818181817,0.54mm_BF
-0.0873900998003992,0.2103854545454545,0.54mm_BF
-0.06854762475049901,-0.04951454545454545,0.54mm_BF
0.07358311377245509,-0.05136363636363636,0.54mm_BF
-0.058151776447105785,0.1166981818181818,0.54mm_BF
-0.024365269461077844,-0.0628690909090909,0.54mm_BF
0.11987712574850296,-0.02218909090909091,0.54mm_BF
-0.06302483033932138,0.02116181818181818,0.54mm_BF
-0.0882022754491018,-0.11135636363636364,0.54mm_BF
-0.005685229540918164,-0.05937636363636362,0.54mm_BF
0.22253612774451093,0.1337509090909091,0.54mm_BF
-0.07423285429141717,-0.07540181818181818,0.54mm_BF
-0.2988806387225549,0.12512181818181814,0.54mm_BF
0.3662912175648703,0.10683636363636363,0.54mm_BF
0.22805892215568865,-0.05403454545454545,0.54mm_BF
-0.33429149700598804,0.10457636363636363,0.54mm_BF
-0.0071471457085828345,0.11402727272727273,0.54mm_BF
0.3968290219560878,-0.06471818181818181,0.54mm_BF
-0.13482115768463074,0.05444545454545455,0.54mm_BF
-0.20515556886227546,0.11341090909090908,0.54mm_BF
0.2590840319361277,-0.2194254545454545,0.54mm_BF
0.2046682634730539,0.18490909090909088,0.54mm_BF
-0.2157138522954092,-0.003698181818181818,0.54mm_BF
-0.10574526946107783,-0.03225636363636363,0.54mm_BF
0.5232035528942116,0.2093581818181818,0.54mm_BF
-0.11159293413173653,-0.015819999999999997,0.54mm_BF
-0.4351637125748503,0.15450181818181818,0.54mm_BF
0.27971329341317364,0.09019454545454544,0.54mm_BF
0.2371552894211577,0.12203999999999998,0.54mm_BF
-0.3367280239520958,0.009656363636363637,0.54mm_BF
-0.16129808383233532,0.18552545454545447,0.54mm_BF
0.5009499401197605,0.0008218181818181817,0.54mm_BF
0.09047636726546908,-0.2017563636363636,0.54mm_BF
-0.3490730938123752,0.1008781818181818,0.54mm_BF
0.16243512974051896,-0.11135636363636364,0.54mm_BF
0.4249302994011976,-0.05095272727272727,0.54mm_BF
-0.1406688223552894,-0.043967272727272716,0.54mm_BF
-0.28491121756487026,-0.14299636363636362,0.54mm_BF
0.4208694211576846,0.013354545454545456,0.54mm_BF
0.2519368862275449,0.1419690909090909,0.54mm_BF
-0.32941844311377244,-0.09800181818181818,0.54mm_BF
0.01673081836327345,0.11423272727272725,0.54mm_BF
0.3677531337325349,0.15039272727272726,0.54mm_BF
-0.06741057884231537,-0.011916363636363636,0.54mm_BF
-0.29417001996007985,0.19682545454545453,0.54mm_BF
0.26931744510978045,0.023010909090909092,0.54mm_BF
0.3414386427145709,0.017052727272727268,0.54mm_BF
-0.16324730538922155,0.05444545454545455,0.54mm_BF
-0.042233133732534935,0.0678,0.54mm_BF
0.3248702594810379,-0.006985454545454546,0.54mm_BF
0.061400479041916166,0.05403454545454545,0.54mm_BF
-0.3149617165668663,0.07540181818181818,0.54mm_BF
0.14229317365269462,0.018080000000000002,0.54mm_BF
0.33721532934131737,0.11854727272727272,0.54mm_BF
-0.21343976047904192,0.11731454545454545,0.54mm_BF
-0.09210071856287426,-0.01931272727272728,0.54mm_BF
0.3685653093812376,0.16847272727272727,0.54mm_BF
0.12539992015968066,0.11998545454545452,0.54mm_BF
-0.34355029940119763,-0.17340363636363634,0.54mm_BF
-0.0032487025948103802,0.24305272727272725,0.54mm_BF
0.37944846307385227,-0.010067272727272723,0.54mm_BF
0.0060100998003992006,-0.040885454545454544,0.54mm_BF
-0.2329319760479042,0.16991090909090908,0.54mm_BF
0.1541509381237525,-0.0565,0.54mm_BF
0.2501500998003992,0.11998545454545452,0.54mm_BF
-0.16048590818363276,0.07314181818181817,0.54mm_BF
-0.021116566866267464,0.016025454545454544,0.54mm_BF
0.17510506986027946,-0.032667272727272725,0.54mm_BF
-0.10899397205588822,0.12532727272727273,0.54mm_BF
-0.13871960079840318,0.04663818181818182,0.54mm_BF
0.16779548902195607,-0.09738545454545454,0.54mm_BF
0.16324730538922155,0.06677272727272728,0.54mm_BF
-0.17006958083832335,-0.07971636363636364,0.54mm_BF
-0.046618882235528944,-0.07334727272727272,0.54mm_BF
0.29238323353293416,0.021572727272727268,0.54mm_BF
0.05701473053892216,-0.11156181818181818,0.54mm_BF
-0.21457680638722554,-0.03698181818181818,0.54mm_BF
-0.014294291417165669,0.16744545454545454,0.54mm_BF
0.20012007984031926,-0.08772909090909091,0.54mm_BF
-0.02842614770459082,0.06841636363636364,0.54mm_BF
-0.19979520958083832,0.18675818181818185,0.54mm_BF
0.046618882235528944,-0.028969090909090906,0.54mm_BF
-0.014781596806387225,0.21305636363636365,0.54mm_BF
-0.14099369261477046,0.1713490909090909,0.54mm_BF
-0.022740918163672654,0.016847272727272728,0.54mm_BF
-0.09827325349301397,0.14299636363636362,0.54mm_BF
0.029075888223552893,0.10396,0.54mm_BF
0.09924786427145707,-0.08320909090909091,0.54mm_BF
-0.0737455489021956,-0.009861818181818182,0.54mm_BF
0.11370459081836327,-0.0041090909090909095,0.54mm_BF
0.1996327744510978,-0.09964545454545454,0.54mm_BF
0.064161876247505,-0.06040363636363636,0.54mm_BF
0.007796886227544909,-0.02712,0.54mm_BF
0.248525748502994,-0.05403454545454545,0.54mm_BF
0.3357534131736527,0.09985090909090907,0.54mm_BF
-0.07601964071856288,0.03739272727272727,0.54mm_BF
-0.057177165668662676,-0.09779636363636364,0.54mm_BF
0.32064694610778444,0.20196181818181816,0.54mm_BF
0.09096367265469064,0.031639999999999995,0.54mm_BF
-0.3057029141716567,-0.04684363636363637,0.54mm_BF
0.06026343313373254,0.19764727272727275,0.54mm_BF
0.05441576846307385,-0.01356,0.54mm_BF
-0.4390621556886228,-0.058965454545454536,0.54mm_BF
-0.07943077844311378,0.1586109090909091,0.54mm_BF
0.35492075848303395,-0.05855454545454545,0.54mm_BF
-0.13823229540918164,-0.02075090909090909,0.54mm_BF
-0.35638267465069856,0.16908909090909088,0.54mm_BF
0.27386562874251497,-0.02629818181818181,0.54mm_BF
0.4270419560878243,0.11012363636363637,0.54mm_BF
-0.17819133732534928,0.18306,0.54mm_BF
-0.2652565668662675,0.03944727272727274,0.54mm_BF
0.5951623153692615,0.07252545454545453,0.54mm_BF
0.3305554890219561,0.01047818181818182,0.54mm_BF
-0.6369081437125749,-0.1329290909090909,0.54mm_BF
0.11321728542914172,0.1341618181818182,0.54mm_BF
0.869190379241517,-0.0402690909090909,0.54mm_BF
-0.1258872255489022,-0.24284727272727274,0.54mm_BF
-0.7653943313373254,0.2346290909090909,0.54mm_BF
0.3839966467065869,0.02712,0.54mm_BF
0.9213320558882236,-0.10971272727272724,0.54mm_BF
-0.2533988023952096,0.16518545454545455,0.54mm_BF
-0.659161756487026,0.10786363636363636,0.54mm_BF
0.36141816367265467,0.03328363636363636,0.54mm_BF
0.6793037125748503,0.05054181818181818,0.54mm_BF
-0.29628167664670657,0.0727309090909091,0.54mm_BF
-0.5886649101796407,0.17874545454545454,0.54mm_BF
0.2974187225548902,0.1668290909090909,0.54mm_BF
0.40673756487025947,0.042529090909090905,0.54mm_BF
-0.295144630738523,0.1610763636363636,0.54mm_BF
-0.2792259880239521,0.14279090909090908,0.54mm_BF
0.360281117764471,-0.030818181818181814,0.54mm_BF
0.44166111776447103,-0.1360109090909091,0.54mm_BF
-0.12393800399201595,0.06266363636363638,0.54mm_BF
-0.25551045908183634,-0.07745636363636363,0.54mm_BF
0.21457680638722554,-0.0786890909090909,0.54mm_BF
0.31626119760479043,0.09492,0.54mm_BF
-0.09047636726546908,-0.2753090909090909,0.54mm_BF
-0.1970338123752495,0.11135636363636364,0.54mm_BF
0.058639081836327336,0.11279454545454545,0.54mm_BF
0.17510506986027946,0.034105454545454536,0.54mm_BF
-0.04401992015968064,0.18141636363636365,0.54mm_BF
-0.11159293413173653,-0.008423636363636364,0.54mm_BF
-0.0006497405189620758,0.20689272727272728,0.54mm_BF
-0.03378650698602795,0.08998909090909091,0.54mm_BF
0.03719764471057884,-0.1257381818181818,0.54mm_BF
0.1448921357285429,-0.09327636363636364,0.54mm_BF
-0.013644550898203591,0.13128545454545454,0.54mm_BF
-0.1705568862275449,-0.1337509090909091,0.54mm_BF
